Count,Message,Traceback,Nodes
4,Cannot choose from an empty sequence,"  File ""/home/gsd/.local/lib/python3.8/site-packages/locust/user/task.py"", line 290, in run
    self.execute_next_task()
  File ""/home/gsd/.local/lib/python3.8/site-packages/locust/user/task.py"", line 315, in execute_next_task
    self.execute_task(self._task_queue.pop(0))
  File ""/home/gsd/.local/lib/python3.8/site-packages/locust/user/task.py"", line 428, in execute_task
    task(self.user)
  File ""/home/gsd/benchmark/wiki/locustfiles/staticRead.py"", line 20, in readPage
    actions.loadPage(self, random.choice(pages)[""path""])
  File ""/usr/lib/python3.8/random.py"", line 290, in choice
    raise IndexError('Cannot choose from an empty sequence') from None
","c, l, o, u, d, 6, 9, _, 3, 8, 9, a, 1, 7, 7, 7, 8, 2, 5, 3, 4, 7, c, a, b, d, 7, d, a, 2, c, 0, d, d, 4, 3, 6, a, 5, 1, ,,  , c, l, o, u, d, 6, 9, _, 1, 7, 4, 8, c, e, 7, 5, f, 1, e, 0, 4, 8, 5, b, 9, 4, 4, 7, 6, 1, 1, 3, 1, f, 4, 6, 7, 8, 8, a"
1,Expecting value: line 1 column 1 (char 0),"  File ""/home/gsd/.local/lib/python3.8/site-packages/locust/user/task.py"", line 290, in run
    self.execute_next_task()
  File ""/home/gsd/.local/lib/python3.8/site-packages/locust/user/task.py"", line 315, in execute_next_task
    self.execute_task(self._task_queue.pop(0))
  File ""/home/gsd/.local/lib/python3.8/site-packages/locust/user/task.py"", line 428, in execute_task
    task(self.user)
  File ""/home/gsd/benchmark/wiki/locustfiles/staticRead.py"", line 14, in readPage
    page = actions.getSinglePage(self)
  File ""/home/gsd/benchmark/wiki/locustfiles/actions/content.py"", line 110, in getSinglePage
    page_tree = list(filter(lambda x: GENERATED_FOLDER_PREFIX in x[""title""], graphqlQueries.pageTreeInParent(httpUser, 0)))
  File ""/home/gsd/benchmark/wiki/locustfiles/actions/graphqlQueries.py"", line 9, in pageTreeInParent
    return graphqlQuery(httpUser, ""Query Page Tree"", readFile(""queries/pageTreeInParent.graphql""), {""parent"": parent})[""data""][""pages""][""tree""]
  File ""/home/gsd/benchmark/wiki/locustfiles/actions/graphqlQueries.py"", line 6, in graphqlQuery
    return httpUser.client.post(url=""/graphql"", name=name, json={""query"": query, ""variables"": variables}, headers={""Connection"": ""keep-alive"", ""Authorization"": ""Bearer {}"".format(httpUser.token if hasattr(httpUser, ""token"") and auth else """")}).json()
  File ""/usr/lib/python3/dist-packages/requests/models.py"", line 897, in json
    return complexjson.loads(self.text, **kwargs)
  File ""/usr/lib/python3/dist-packages/simplejson/__init__.py"", line 518, in loads
    return _default_decoder.decode(s)
  File ""/usr/lib/python3/dist-packages/simplejson/decoder.py"", line 370, in decode
    obj, end = self.raw_decode(s)
  File ""/usr/lib/python3/dist-packages/simplejson/decoder.py"", line 400, in raw_decode
    return self.scan_once(s, idx=_w(s, idx).end())
","c, l, o, u, d, 6, 9, _, 1, 7, 4, 8, c, e, 7, 5, f, 1, e, 0, 4, 8, 5, b, 9, 4, 4, 7, 6, 1, 1, 3, 1, f, 4, 6, 7, 8, 8, a"
4,Cannot choose from an empty sequence,"  File ""/usr/local/lib/python3.8/dist-packages/locust/user/task.py"", line 290, in run
    self.execute_next_task()
  File ""/usr/local/lib/python3.8/dist-packages/locust/user/task.py"", line 315, in execute_next_task
    self.execute_task(self._task_queue.pop(0))
  File ""/usr/local/lib/python3.8/dist-packages/locust/user/task.py"", line 428, in execute_task
    task(self.user)
  File ""/home/gsd/benchmark/wiki/locustfiles/staticRead.py"", line 20, in readPage
    actions.loadPage(self, random.choice(pages)[""path""])
  File ""/usr/lib/python3.8/random.py"", line 290, in choice
    raise IndexError('Cannot choose from an empty sequence') from None
","c, l, o, u, d, 5, 0, _, 7, 2, 0, 3, b, 8, 2, 4, 3, e, c, f, 4, 8, 6, 2, b, b, 7, 4, 1, e, c, 5, b, 5, 9, 1, 2, d, 8, 2, ,,  , c, l, o, u, d, 5, 0, _, 3, 7, 1, f, 9, 8, 3, 6, 6, 0, 9, 2, 4, f, a, c, 8, f, 4, 1, 8, 8, d, 0, 0, e, 6, 1, c, 7, e, 9"
